{
  "$schema": "https://json.schemastore.org/nest-cli",
  "collection": "@nestjs/schematics",
  "sourceRoot": "apps/backend/src",
  "compilerOptions": {
    "deleteOutDir": true,
    "webpack": true,
    "tsConfigPath": "apps/backend/tsconfig.app.json"
  },
  "monorepo": true,
  "root": "apps/backend",
  "projects": {
    "backend": {
      "type": "application",
      "root": "apps/backend",
      "entryFile": "main",
      "sourceRoot": "apps/backend/src",
      "compilerOptions": {
        "tsConfigPath": "apps/backend/tsconfig.app.json"
      }
    },
    "user_service": {
      "type": "application",
      "root": "apps/user_service",
      "entryFile": "main",
      "sourceRoot": "apps/user_service/src",
      "compilerOptions": {
        "tsConfigPath": "apps/user_service/tsconfig.app.json"
      }
    },
    "my-library": {
      "type": "library",
      "root": "libs/my-library",
      "entryFile": "index",
      "sourceRoot": "libs/my-library/src",
      "compilerOptions": {
        "tsConfigPath": "libs/my-library/tsconfig.lib.json"
      }
    },
    "users": {
      "type": "application",
      "root": "apps/users",
      "entryFile": "main",
      "sourceRoot": "apps/users/src",
      "compilerOptions": {
        "tsConfigPath": "apps/users/tsconfig.app.json"
      }
    },
    "produit_service": {
      "type": "application",
      "root": "apps/produit_service",
      "entryFile": "main",
      "sourceRoot": "apps/produit_service/src",
      "compilerOptions": {
        "tsConfigPath": "apps/produit_service/tsconfig.app.json"
      }
    },
    "commande_service": {
      "type": "application",
      "root": "apps/commande_service",
      "entryFile": "main",
      "sourceRoot": "apps/commande_service/src",
      "compilerOptions": {
        "tsConfigPath": "apps/commande_service/tsconfig.app.json"
      }
    }
  }
}